Merge remote-tracking branch 'origin/requirejs-integration' into requirejs-integration

Conflicts:
	assets/fonts/reneco-font/fonts/reneco-font.eot
	assets/fonts/reneco-font/fonts/reneco-font.svg
	assets/fonts/reneco-font/fonts/reneco-font.ttf
	assets/fonts/reneco-font/reneco-font.less
	index.html
	js/controller.js
	js/main.js
	reneco-font/fonts/reneco-font.woff
#
# It looks like you may be committing a merge.
# If this is not correct, please remove the file
#	.git/MERGE_HEAD
# and try again.


# Please enter the commit message for your changes. Lines starting
# with '#' will be ignored, and an empty message aborts the commit.
# On branch requirejs-integration
# Your branch and 'origin/requirejs-integration' have diverged,
# and have 1 and 12 different commits each, respectively.
#   (use "git pull" to merge the remote branch into yours)
#
# All conflicts fixed but you are still merging.
#
# Changes to be committed:
#	modified:   .gitignore
#	new file:   Gruntfile.js
#	deleted:    Logo/logo-LABS_DATA.jpg
#	deleted:    Logo/logo-LABS_Mobile.jpg
#	modified:   README.md
#	deleted:    Screen/Screen.png
#	renamed:    css/bootstrap/cosmo/bootstrap.css -> assets/css/styles.css
#	new file:   assets/css/styles.css.map
#	renamed:    fonts/glyphicons-halflings-regular.eot -> assets/fonts/glyphicons-halflings-regular.eot
#	renamed:    fonts/glyphicons-halflings-regular.svg -> assets/fonts/glyphicons-halflings-regular.svg
#	renamed:    fonts/glyphicons-halflings-regular.ttf -> assets/fonts/glyphicons-halflings-regular.ttf
#	renamed:    fonts/glyphicons-halflings-regular.woff -> assets/fonts/glyphicons-halflings-regular.woff
#	renamed:    reneco-font/.DS_Store -> assets/fonts/reneco-font/.DS_Store
#	renamed:    reneco-font/Read Me.txt -> assets/fonts/reneco-font/Read Me.txt
#	renamed:    reneco-font/demo-files/demo.css -> assets/fonts/reneco-font/demo-files/demo.css
#	renamed:    reneco-font/demo-files/demo.js -> assets/fonts/reneco-font/demo-files/demo.js
#	renamed:    reneco-font/demo.html -> assets/fonts/reneco-font/demo.html
#	renamed:    reneco-font/fonts/reneco-font.eot -> assets/fonts/reneco-font/fonts/reneco-font.eot
#	renamed:    reneco-font/fonts/reneco-font.svg -> assets/fonts/reneco-font/fonts/reneco-font.svg
#	renamed:    reneco-font/fonts/reneco-font.ttf -> assets/fonts/reneco-font/fonts/reneco-font.ttf
#	new file:   assets/fonts/reneco-font/fonts/reneco-font.woff
#	renamed:    reneco-font/ie7/ie7.css -> assets/fonts/reneco-font/ie7/ie7.css
#	renamed:    reneco-font/ie7/ie7.js -> assets/fonts/reneco-font/ie7/ie7.js
#	renamed:    reneco-font/style.css -> assets/fonts/reneco-font/reneco-font.less
#	renamed:    reneco-font/selection.json -> assets/fonts/reneco-font/selection.json
#	renamed:    images/back_white.png -> assets/img/back_white.png
#	renamed:    images/home_fond.jpg -> assets/img/home_fond.jpg
#	renamed:    img/layer-switcher-maximize.png -> assets/img/layer-switcher-maximize.png
#	renamed:    img/layer-switcher-minimize.png -> assets/img/layer-switcher-minimize.png
#	renamed:    css/themes/packages/default/assets/images/loader-large-inverted.gif -> assets/img/loader-large-inverted.gif
#	new file:   assets/img/login/bg-MA.jpg
#	renamed:    images/Black-bellied Sandgrouse.png -> assets/img/spacies/Black-bellied Sandgrouse.png
#	renamed:    images/Pelican.png -> assets/img/spacies/Pelican.png
#	renamed:    images/Snake.png -> assets/img/spacies/Snake.png
#	renamed:    images/crocodile.png -> assets/img/spacies/crocodile.png
#	renamed:    images/faucon.png -> assets/img/spacies/faucon.png
#	renamed:    images/houtarde.png -> assets/img/spacies/houtarde.png
#	renamed:    images/rat.png -> assets/img/spacies/rat.png
#	renamed:    images/tortoise.png -> assets/img/spacies/tortoise.png
#	new file:   assets/img/tmp.jpg
#	new file:   assets/less/partials/_general.less
#	new file:   assets/less/partials/_resp.less
#	new file:   assets/less/partials/_theme.less
#	new file:   assets/less/partials/pages/_home.less
#	new file:   assets/less/partials/pages/_login.less
#	new file:   assets/less/partials/shared/_footer.less
#	new file:   assets/less/partials/shared/_header.less
#	new file:   assets/less/partials/tmp/_erd.less
#	new file:   assets/less/partials/tmp/_main-style.less
#	new file:   assets/less/partials/ui/_form.less
#	new file:   assets/less/partials/ui/_loader.less
#	new file:   assets/less/partials/vendors/_animate.less
#	renamed:    css/openlayers/ol.css -> assets/less/partials/vendors/_ol.less
#	new file:   assets/less/styles.css.map
#	new file:   assets/less/styles.less
#	modified:   bower.json
#	modified:   code/js/utils.js
#	modified:   code/js/views-export.js
#	modified:   code/tpl/export-result.html
#	modified:   code/tpl/home-last.html
#	deleted:    css/bootstrap/3.2.0/bootstrap-theme.css
#	deleted:    css/bootstrap/3.2.0/bootstrap-theme.css.map
#	deleted:    css/bootstrap/3.2.0/bootstrap-theme.min.css
#	deleted:    css/bootstrap/3.2.0/bootstrap.css
#	deleted:    css/bootstrap/3.2.0/bootstrap.css.map
#	deleted:    css/bootstrap/3.2.0/bootstrap.min.css
#	deleted:    css/bootstrap/cosmo/bootstrap.min.css
#	deleted:    css/erd.css
#	deleted:    css/jquery-ui/jquery-ui.min.css
#	deleted:    css/jquery-ui/jquery-ui.structure.css
#	deleted:    css/jquery-ui/jquery-ui.structure.min.css
#	deleted:    css/jquery-ui/jquery-ui.theme.css
#	deleted:    css/jquery-ui/jquery-ui.theme.min.css
#	deleted:    css/main-style.css
#	deleted:    css/metro-bootstrap/metro-bootstrap.css
#	deleted:    css/metro-bootstrap/metro-bootstrap.css.map
#	deleted:    css/metro-bootstrap/metro-bootstrap.min.css
#	deleted:    css/metro/iconFont.min.css
#	deleted:    css/metro/metro-bootstrap-responsive.min.css
#	deleted:    css/metro/metro-bootstrap.min.css
#	deleted:    css/semantic.css
#	deleted:    css/themes/.DS_Store
#	deleted:    css/themes/packages/.DS_Store
#	deleted:    css/themes/packages/basic/.DS_Store
#	deleted:    css/themes/packages/basic/assets/.DS_Store
#	deleted:    css/themes/packages/basic/assets/fonts/icons.eot
#	deleted:    css/themes/packages/basic/assets/fonts/icons.svg
#	deleted:    css/themes/packages/basic/assets/fonts/icons.ttf
#	deleted:    css/themes/packages/basic/assets/fonts/icons.woff
#	deleted:    css/themes/packages/default/.DS_Store
#	deleted:    css/themes/packages/default/assets/.DS_Store
#	deleted:    css/themes/packages/default/assets/fonts/icons.eot
#	deleted:    css/themes/packages/default/assets/fonts/icons.otf
#	deleted:    css/themes/packages/default/assets/fonts/icons.svg
#	deleted:    css/themes/packages/default/assets/fonts/icons.ttf
#	deleted:    css/themes/packages/default/assets/fonts/icons.woff
#	deleted:    css/themes/packages/default/assets/images/loader-large.gif
#	deleted:    css/themes/packages/default/assets/images/loader-medium-inverted.gif
#	deleted:    css/themes/packages/default/assets/images/loader-medium.gif
#	deleted:    css/themes/packages/default/assets/images/loader-mini-inverted.gif
#	deleted:    css/themes/packages/default/assets/images/loader-mini.gif
#	deleted:    css/themes/packages/default/assets/images/loader-small-inverted.gif
#	deleted:    css/themes/packages/default/assets/images/loader-small.gif
#	deleted:    fonts/font-awesome/0a799148.fontawesome-webfont.svg
#	deleted:    fonts/font-awesome/4587b062.fontawesome-webfont.ttf
#	deleted:    fonts/font-awesome/8ebff60d.FontAwesome.otf
#	deleted:    fonts/font-awesome/cf210dd5.fontawesome-webfont.eot
#	deleted:    fonts/font-awesome/e683bb4d.fontawesome-webfont.woff
#	deleted:    fonts/glyphicons/32941d63.glyphicons-halflings-regular.svg
#	deleted:    fonts/glyphicons/38e827a0.glyphicons-halflings-regular.ttf
#	deleted:    fonts/glyphicons/deae260a.glyphicons-halflings-regular.woff
#	deleted:    fonts/glyphicons/e56f39cb.glyphicons-halflings-regular.eot
#	deleted:    fonts/metroSysIcons.svg
#	deleted:    fonts/metroSysIcons.ttf
#	deleted:    fonts/metroSysIcons.woff
#	deleted:    images/Arie Buurman.jpg
#	deleted:    images/Cancel.png
#	deleted:    images/Command-Refresh-01.png
#	deleted:    images/Connectivity-Earth.png
#	deleted:    images/Connectivity-Error.png
#	deleted:    images/ConnectivitySignal.png
#	deleted:    images/Find-Replace.png
#	deleted:    images/FindAllData.png
#	deleted:    images/FindAllData.xcf
#	deleted:    images/GPS-Tracking.png
#	deleted:    images/Houbara-wikimedia.JPG
#	deleted:    images/Layers.png
#	deleted:    images/Link - Copie.png
#	deleted:    images/Link.png
#	deleted:    images/Map-Location.png
#	deleted:    images/Map-data.png
#	deleted:    images/Message-Warning-white.png
#	deleted:    images/Message-Warning.png
#	deleted:    images/NS_search.png
#	deleted:    images/PleaseWait.gif
#	deleted:    images/Preloader_flat.gif
#	deleted:    images/Reload.png
#	deleted:    images/Reload_grey.png
#	deleted:    images/Reload_grey_small.png
#	deleted:    images/SelectionOff.png
#	deleted:    images/SelectionOn.png
#	deleted:    images/Thumbs.db
#	deleted:    images/User-Add.png
#	deleted:    images/ZoomingOff.png
#	deleted:    images/ZoomingOn.png
#	deleted:    images/age_adult.png
#	deleted:    images/ajax-loader-linear.gif
#	deleted:    images/all-data.png
#	deleted:    images/argos_picto.png
#	deleted:    images/back_disabled.png
#	deleted:    images/back_enabled.png
#	deleted:    images/back_enabled_hover.png
#	deleted:    images/birds.png
#	deleted:    images/birdsFilter.jpg
#	deleted:    images/birds_filter_fond.jpg
#	deleted:    images/clear.png
#	deleted:    images/close.png
#	deleted:    images/closeBT.png
#	deleted:    images/closeBT2.png
#	deleted:    images/configuration.png
#	deleted:    images/corbeille.png
#	deleted:    images/corbeille_black.png
#	deleted:    images/current_position.png
#	deleted:    images/date.png
#	deleted:    images/delete_grey.png
#	deleted:    images/download.png
#	deleted:    images/ecollection-picto.png
#	deleted:    images/ecoreleve.png
#	deleted:    images/editing_tool_unselect.png
#	deleted:    images/enter_coordinate.png
#	deleted:    images/exit.jpg
#	deleted:    images/exit.png
#	deleted:    images/export.jpg
#	deleted:    images/export.png
#	deleted:    images/export_.png
#	deleted:    images/export_photo.jpg
#	deleted:    images/favicon.ico
#	deleted:    images/forward_disabled.png
#	deleted:    images/forward_enabled.png
#	deleted:    images/forward_enabled_hover.png
#	deleted:    images/go.jpg
#	deleted:    images/go_top.png
#	deleted:    images/help.gif
#	deleted:    images/home_fond_UAE.jpg
#	deleted:    images/home_img.jpg
#	deleted:    images/home_imgFond.jpg
#	deleted:    images/home_imgFond2.jpg
#	deleted:    images/home_outarde.jpg
#	deleted:    images/home_outarde2.jpg
#	deleted:    images/home_outarde_paysage.jpg
#	deleted:    images/home_outarde_portrait.jpg
#	deleted:    images/houtarde_picto.png
#	deleted:    images/icon-intranet.png
#	deleted:    images/import.jpg
#	deleted:    images/import.png
#	deleted:    images/import2.png
#	deleted:    images/import_.png
#	deleted:    images/import_fin_photo.jpg
#	deleted:    images/import_photo.jpg
#	deleted:    images/important.gif
#	deleted:    images/indiv_picto.png
#	deleted:    images/info.gif
#	deleted:    images/input_data_picto.png
#	deleted:    images/input_outarde.jpg
#	deleted:    images/loader-large-inverted.gif
#	deleted:    images/loader-large.gif
#	deleted:    images/loader-medium-inverted.gif
#	deleted:    images/loader-medium.gif
#	deleted:    images/loader-mini-inverted.gif
#	deleted:    images/loader-mini.gif
#	deleted:    images/loader-small-inverted.gif
#	deleted:    images/loader-small.gif
#	deleted:    images/loader.gif
#	deleted:    images/map.jpg
#	deleted:    images/map.png
#	deleted:    images/map_icon.png
#	deleted:    images/map_icon_white.png
#	deleted:    images/maps.png
#	deleted:    images/marker.gif
#	deleted:    images/marker.png
#	deleted:    images/marker2.png
#	deleted:    images/marker_blue.png
#	deleted:    images/marker_green.png
#	deleted:    images/marker_grey.png
#	deleted:    images/marker_marron.png
#	deleted:    images/marker_red.png
#	deleted:    images/marker_yellow.png
#	deleted:    images/markers.png
#	deleted:    images/my-data.png
#	deleted:    images/my-data2.png
#	deleted:    images/my-position.png
#	deleted:    images/new-data.png
#	deleted:    images/no.png
#	deleted:    images/objects.png
#	deleted:    images/objects2.png
#	deleted:    images/objects_picto.png
#	deleted:    images/observation.png
#	deleted:    images/ok.png
#	deleted:    images/origin_release.png
#	deleted:    images/origin_wild.png
#	deleted:    images/panOff.png
#	deleted:    images/panOn.png
#	deleted:    images/photo_export.jpg
#	deleted:    images/pin.png
#	deleted:    images/play.png
#	deleted:    images/play_back.png
#	deleted:    images/play_pause.png
#	deleted:    images/positionAnimation.png
#	deleted:    images/positionMarker.png
#	deleted:    images/positionMarker2.png
#	deleted:    images/positionMarker3.png
#	deleted:    images/projected_point.png
#	deleted:    images/protocol.png
#	deleted:    images/protocols-edit.png
#	deleted:    images/rings.png
#	deleted:    images/saved_search2.png
#	deleted:    images/search2.png
#	deleted:    images/sexe_female.png
#	deleted:    images/sexe_male.png
#	deleted:    images/show_collapsed.jpg
#	deleted:    images/sort_asc.png
#	deleted:    images/sort_asc_disabled.png
#	deleted:    images/sort_both.png
#	deleted:    images/sort_desc.png
#	deleted:    images/sort_desc_disabled.png
#	deleted:    images/specie.png
#	deleted:    images/station_from_gps.jpg
#	deleted:    images/station_from_gps.xcf
#	deleted:    images/station_from_gpx_file.jpg
#	deleted:    images/station_from_gpx_file.xcf
#	deleted:    images/status_lost.png
#	deleted:    images/taxa.png
#	deleted:    images/theseaurus-picto.png
#	deleted:    images/title.gif
#	deleted:    images/track-picto.png
#	deleted:    images/transmitters.png
#	deleted:    images/transmitters_picto.png
#	deleted:    images/update_protos.jpg
#	deleted:    images/update_protos0.xcf
#	deleted:    images/update_protos_from_file.jpg
#	deleted:    images/update_protos_server.jpg
#	deleted:    images/update_users.jpg
#	deleted:    images/upload.png
#	deleted:    images/waiting.gif
#	deleted:    images/yes.png
#	deleted:    img/home_fond.jpg
#	deleted:    img/loader/loader_home.gif
#	deleted:    img/loader/wait.gif
#	modified:   index.html
#	modified:   js/controller.js
#	modified:   js/layouts/header.js
#	modified:   js/layouts/home.js
#	new file:   js/lib/nicescroll/jquery.nicescroll.js
#	modified:   js/lib/openlayers/openlayers.js
#	modified:   js/main.js
#	modified:   js/views/login.js
#	new file:   modules/argos/layouts/argos-detail.js
#	new file:   modules/argos/layouts/argos-layout.js
#	new file:   modules/argos/templates/argos.html
#	new file:   modules/argos/templates/argos_detail.html
#	new file:   modules/header/layouts/header.js
#	renamed:    templates/header.html.bak -> modules/header/templates/header.html
#	new file:   modules/home/layouts/home.js
#	new file:   modules/home/templates/graph.html
#	new file:   modules/home/templates/home.html
#	new file:   modules/home/templates/info.html
#	new file:   modules/home/views/graph.js
#	new file:   modules/home/views/info.js
#	modified:   modules/individual/templates/detail-layout.html
#	modified:   modules/individual/templates/detail.html
#	modified:   modules/individual/views/detail.js
#	modified:   modules/individual/views/individual-filter.js
#	modified:   modules/individual/views/individual-grid.js
#	new file:   modules/login/templates/login.html
#	new file:   modules/login/views/login.js
#	new file:   modules/transmitter/layouts/transmitter-list.js
#	new file:   modules/transmitter/templates/left3-main9.html
#	new file:   modules/transmitter/templates/transmitter-filter.html
#	new file:   modules/transmitter/templates/transmitter-list.html
#	new file:   modules/transmitter/views/transmitter-filter.js
#	new file:   modules/transmitter/views/transmitter-grid.js
#	deleted:    stylesheets/app-style-1.css
#	deleted:    stylesheets/app-style-2.css
#	deleted:    stylesheets/eric.css
#	deleted:    stylesheets/grid.css
#	deleted:    stylesheets/jquery-ui-1.10.1.custom.min.css
#	deleted:    stylesheets/jquery-ui-1.10.4.custom.min.css
#	deleted:    stylesheets/jquery.mCustomScrollbar.css
#	deleted:    stylesheets/lionbars.css
#	deleted:    stylesheets/map_enhanced_controls.css
#	deleted:    stylesheets/slider.css
#	deleted:    stylesheets/style-map.css
#	deleted:    stylesheets/supersized.css
#	deleted:    stylesheets/tablesaw-dialog.css
#	deleted:    stylesheets/tablesaw.css
#	modified:   templates/header.html.bak
#	modified:   templates/home_new.html
#	modified:   templates/login.html
#

